DROP TABLE cms_group;
CREATE TABLE cms_group ( ID int NOT NULL AUTO_INCREMENT, NAME varchar(50), DESCRIBTION varchar(100), PRIMARY KEY (ID) ) ENGINE=InnoDB DEFAULT CHARSET=utf8;
insert into cms_group (ID, NAME, DESCRIBTION) values (1, '市场', null);
insert into cms_group (ID, NAME, DESCRIBTION) values (2, '营销', null);
insert into cms_group (ID, NAME, DESCRIBTION) values (3, '策划', null);
DROP TABLE cms_role;
CREATE TABLE cms_role ( ID int NOT NULL AUTO_INCREMENT, NAME varchar(50), ROLE_TYPE varchar(50), PRIMARY KEY (ID) ) ENGINE=InnoDB DEFAULT CHARSET=utf8;
insert into cms_role (ID, NAME, ROLE_TYPE) values (1, '管理员', 'ROLE_ADMIN');
insert into cms_role (ID, NAME, ROLE_TYPE) values (2, '文章发布人员', 'ROLE_PUBLISH');
insert into cms_role (ID, NAME, ROLE_TYPE) values (3, '审核人员', 'ROLE_AUDIT');
DROP TABLE cms_user;
CREATE TABLE cms_user ( ID int NOT NULL AUTO_INCREMENT, NICKNAME varchar(30), USERNAME varchar(32), PASSWORD varchar(32), SEX int COMMENT '0未知1男2女', EMAIL varchar(50), MOBILE_PHONE varchar(30), STATUS int COMMENT '1启用 0停用', CREATE_DATE datetime, REMARK varchar(200), UPDATE_TIME timestamp DEFAULT CURRENT_TIMESTAMP ON UPDATE CURRENT_TIMESTAMP, CREATE_AUTHOR int, PRIMARY KEY (ID) ) ENGINE=InnoDB DEFAULT CHARSET=utf8;
insert into cms_user (ID, NICKNAME, USERNAME, PASSWORD, SEX, EMAIL, MOBILE_PHONE, STATUS, CREATE_DATE, REMARK, UPDATE_TIME, CREATE_AUTHOR) values (1, '', '111', '111', 0, '', '', 0, null, null, '2014-06-24 00:02:40', null);
insert into cms_user (ID, NICKNAME, USERNAME, PASSWORD, SEX, EMAIL, MOBILE_PHONE, STATUS, CREATE_DATE, REMARK, UPDATE_TIME, CREATE_AUTHOR) values (2, '', '12342', '', 0, '', '', 1, null, null, '2014-06-15 16:02:50', null);
insert into cms_user (ID, NICKNAME, USERNAME, PASSWORD, SEX, EMAIL, MOBILE_PHONE, STATUS, CREATE_DATE, REMARK, UPDATE_TIME, CREATE_AUTHOR) values (8, '454', '4453', '454', 1, 'renzhiwenhappy@163.com', '1234556', 1, null, null, '2014-06-15 16:02:50', null);
insert into cms_user (ID, NICKNAME, USERNAME, PASSWORD, SEX, EMAIL, MOBILE_PHONE, STATUS, CREATE_DATE, REMARK, UPDATE_TIME, CREATE_AUTHOR) values (9, '', '144', '53', 1, '', '', 1, null, null, '2014-06-15 16:02:50', null);
insert into cms_user (ID, NICKNAME, USERNAME, PASSWORD, SEX, EMAIL, MOBILE_PHONE, STATUS, CREATE_DATE, REMARK, UPDATE_TIME, CREATE_AUTHOR) values (10, '', '12344', '', 0, '', '', 1, null, null, '2014-06-15 16:02:50', null);
insert into cms_user (ID, NICKNAME, USERNAME, PASSWORD, SEX, EMAIL, MOBILE_PHONE, STATUS, CREATE_DATE, REMARK, UPDATE_TIME, CREATE_AUTHOR) values (11, '', 'Test', '', 0, '', '', 1, null, null, '2014-06-15 16:02:50', null);
insert into cms_user (ID, NICKNAME, USERNAME, PASSWORD, SEX, EMAIL, MOBILE_PHONE, STATUS, CREATE_DATE, REMARK, UPDATE_TIME, CREATE_AUTHOR) values (12, '', '', '', 0, '', '', 1, null, null, '2014-06-15 16:02:50', null);
insert into cms_user (ID, NICKNAME, USERNAME, PASSWORD, SEX, EMAIL, MOBILE_PHONE, STATUS, CREATE_DATE, REMARK, UPDATE_TIME, CREATE_AUTHOR) values (13, '', '234', '', 0, '', '', 1, null, null, '2014-06-15 16:02:50', null);
insert into cms_user (ID, NICKNAME, USERNAME, PASSWORD, SEX, EMAIL, MOBILE_PHONE, STATUS, CREATE_DATE, REMARK, UPDATE_TIME, CREATE_AUTHOR) values (14, '', '23424', '', 0, '', '', 1, null, null, '2014-06-15 16:02:50', null);
insert into cms_user (ID, NICKNAME, USERNAME, PASSWORD, SEX, EMAIL, MOBILE_PHONE, STATUS, CREATE_DATE, REMARK, UPDATE_TIME, CREATE_AUTHOR) values (15, '', 'fedfgasfd', 'afds', 0, '', '', 1, null, null, '2014-06-15 16:02:50', null);
insert into cms_user (ID, NICKNAME, USERNAME, PASSWORD, SEX, EMAIL, MOBILE_PHONE, STATUS, CREATE_DATE, REMARK, UPDATE_TIME, CREATE_AUTHOR) values (16, '', 'wqreq', 'rqw', 0, '', '', 1, null, null, '2014-06-15 16:02:50', null);
insert into cms_user (ID, NICKNAME, USERNAME, PASSWORD, SEX, EMAIL, MOBILE_PHONE, STATUS, CREATE_DATE, REMARK, UPDATE_TIME, CREATE_AUTHOR) values (17, '', '123', '4343', 0, '', '', 1, null, null, '2014-06-15 16:02:50', null);
insert into cms_user (ID, NICKNAME, USERNAME, PASSWORD, SEX, EMAIL, MOBILE_PHONE, STATUS, CREATE_DATE, REMARK, UPDATE_TIME, CREATE_AUTHOR) values (18, '', '1', '', 0, '', '', 1, null, null, '2014-06-15 16:02:50', null);
insert into cms_user (ID, NICKNAME, USERNAME, PASSWORD, SEX, EMAIL, MOBILE_PHONE, STATUS, CREATE_DATE, REMARK, UPDATE_TIME, CREATE_AUTHOR) values (19, '', '132', '', 0, '', '', 1, null, null, '2014-06-15 16:02:50', null);
insert into cms_user (ID, NICKNAME, USERNAME, PASSWORD, SEX, EMAIL, MOBILE_PHONE, STATUS, CREATE_DATE, REMARK, UPDATE_TIME, CREATE_AUTHOR) values (20, '', '123￥%……￥', '', 0, '', '', 1, null, null, '2014-06-15 16:02:50', null);
insert into cms_user (ID, NICKNAME, USERNAME, PASSWORD, SEX, EMAIL, MOBILE_PHONE, STATUS, CREATE_DATE, REMARK, UPDATE_TIME, CREATE_AUTHOR) values (21, '', 'qwe21_', '131', 0, '', '', 1, null, null, '2014-06-15 16:02:50', null);
insert into cms_user (ID, NICKNAME, USERNAME, PASSWORD, SEX, EMAIL, MOBILE_PHONE, STATUS, CREATE_DATE, REMARK, UPDATE_TIME, CREATE_AUTHOR) values (22, '', '4555555', '6777', 0, '', '', 1, null, null, '2014-06-15 16:02:50', null);
insert into cms_user (ID, NICKNAME, USERNAME, PASSWORD, SEX, EMAIL, MOBILE_PHONE, STATUS, CREATE_DATE, REMARK, UPDATE_TIME, CREATE_AUTHOR) values (23, 'qqweqwe', '23455', 'qqqqq', 0, '', '', 1, null, null, '2014-06-15 16:02:50', null);
DROP TABLE cms_user_group;
CREATE TABLE cms_user_group ( ID int NOT NULL AUTO_INCREMENT, USER_ID int, GROUP_ID int, PRIMARY KEY (ID) ) ENGINE=InnoDB DEFAULT CHARSET=utf8;
insert into cms_user_group (ID, USER_ID, GROUP_ID) values (1, 8, 2);
insert into cms_user_group (ID, USER_ID, GROUP_ID) values (2, 9, 2);
insert into cms_user_group (ID, USER_ID, GROUP_ID) values (3, 11, 2);
insert into cms_user_group (ID, USER_ID, GROUP_ID) values (4, 11, 3);
DROP TABLE cms_user_role;
CREATE TABLE cms_user_role ( ID int NOT NULL AUTO_INCREMENT, USER_ID int, ROLE_ID int, PRIMARY KEY (ID) ) ENGINE=InnoDB DEFAULT CHARSET=utf8;
insert into cms_user_role (ID, USER_ID, ROLE_ID) values (1, 8, 2);
insert into cms_user_role (ID, USER_ID, ROLE_ID) values (2, 8, 3);
insert into cms_user_role (ID, USER_ID, ROLE_ID) values (3, 9, 2);
insert into cms_user_role (ID, USER_ID, ROLE_ID) values (4, 9, 3);
insert into cms_user_role (ID, USER_ID, ROLE_ID) values (5, 10, 2);
insert into cms_user_role (ID, USER_ID, ROLE_ID) values (6, 10, 3);
insert into cms_user_role (ID, USER_ID, ROLE_ID) values (7, 11, 2);
